,the,and,a,of,is,to[infinitive],in[preposition],it,not,to[preposition],will[verb],this,be,but,have,with,for[preposition],all,what,are,shall,as,that[relative],that[demonstrative],if,sir,do,by[preposition],now,no[adjective],at,am,so[adverbdegree],would,was,from,or,here,may,how,more,that[conjunction],come,there,good,let,then,on[preposition],love,one,must,when,o,see,yet,these,upon[preposition],should,make,can,know,had,man,which[relative],well,too,some,were,such,lord,an,out,take,so[adverbmanner],than,where,hath,why,like[preposition],up[adverb],did,much,never,for[conjunction],give,say,own,go,master,think,heart,tell,honour,life,any,thus,lady,been,name,into,made,no[exclamation],nay,first,men,great,heaven,cannot,leave,speak,both,most,sweet,hand,time,pray,nor,could,hear,look,fair,two,again,death,still,soul,poor,blood,though,ever,art[verb],way,done,world,mistress,eyes,whom,those,before,day,away,none,call,grace,whose,hope,keep,yes,best,live,court,many,down,friend,old,find,nothing,till,noble,off,other,fear,very,stand,being,so[conjunction],gentleman,only,hast,without,TRUE,house,since,long,about,face,in[adverb],better,head,little,who[relative],stay,dare,meet,place,part,die,once,pardon,please,thought,within,sure,who[interrogative],on[adverb],against,another,welcome,lost,dead,might,new,full,shalt,friends,put,else,last,dost,young,bring,word,after,came,over,back,dear,marry,cause
1 Fair Maid of the West,3.463795,3.0217793,2.0654182,1.9850519,1.8564655,1.6153661,1.5992928,1.5108896,1.1251307,1.1572772,1.4064132,0.96439767,0.93225104,1.0367274,1.1251307,0.7875914,1.0849473,0.7152616,0.9402877,0.7634815,0.7634815,0.5947119,0.55452865,0.7634815,0.5866752,0.7152616,0.24913606,0.45005223,0.5625653,0.5625653,0.40183234,0.4420156,0.33753917,0.3053926,0.53845537,0.31342924,0.4420156,0.33753917,0.28128266,0.36164913,0.31342924,0.31342924,0.29735595,0.36164913,0.2571727,0.28128266,0.32146588,0.21698947,0.29735595,0.33753917,0.26520935,0.3053926,0.16073294,0.32950252,0.12858635,0.36968577,0.17680624,0.273246,0.3053926,0.36164913,0.21698947,0.2893193,0.36968577,0.18484288,0.32950252,0.14465965,0.32950252,0.26520935,0.20895283,0.048219882,0.136623,0.17680624,0.31342924,0.20895283,0.11251306,0.26520935,0.24109942,0.20091617,0.096439764,0.20091617,0.1526963,0.16876958,0.28128266,0.18484288,0.19287953,0.20091617,0.11251306,0.136623,0.08840312,0.14465965,0.07232983,0.18484288,0.12858635,0.11251306,0.05625653,0.14465965,0.048219882,0.11251306,0.19287953,0.14465965,0.096439764,0.096439764,0.064293176,0.16073294,0.104476415,0.16073294,0.08840312,0.1526963,0.16073294,0.08036647,0.14465965,0.12858635,0.20091617,0.07232983,0.136623,0.21698947,0.07232983,0.14465965,0.11251306,0.05625653,0.16073294,0.096439764,0.032146588,0.136623,0.136623,0.05625653,0.08036647,0.032146588,0.07232983,0.12858635,0.104476415,0.104476415,0.07232983,0.048219882,0.19287953,0.05625653,0.07232983,0.040183235,0.1526963,0.08840312,0.064293176,0.11251306,0.12858635,0.07232983,0.064293176,0.07232983,0.11251306,0.08036647,0.16073294,0.104476415,0.032146588,0.08036647,0.07232983,0.16073294,0.048219882,0.08840312,0.08036647,0.11251306,0.05625653,0.032146588,0.07232983,0.08840312,0.048219882,0.08840312,0.096439764,0.032146588,0.16073294,0.096439764,0.08840312,0.064293176,0.064293176,0.12858635,0.064293176,0.08840312,0.096439764,0.05625653,0.064293176,0.048219882,0.040183235,0.05625653,0.08036647,0.05625653,0.032146588,0.05625653,0.07232983,0.08036647,0.096439764,0.07232983,0.064293176,0.096439764,0.024109941,0.032146588,0.12054971,0.024109941,0.040183235,0.016073294,0.05625653,0.064293176,0.016073294,0.12054971,0.048219882,0.040183235,0.05625653,0.08840312,0.08036647,0.12054971,0.08840312,0.12054971,0.032146588,0.040183235,0.064293176,0.08036647,0.048219882,0.08840312,0.136623,0.024109941,0.016073294,0.048219882,0.016073294
1 If You Know Not Me You Know Nobody,4.3158765,2.9290001,1.6352721,1.9147174,1.935417,1.6145725,1.1281308,1.3351274,1.2212793,1.3454771,1.3661767,1.583523,1.1591803,0.80728626,0.8176361,0.79693645,0.77623683,0.61063963,0.70378804,0.50714135,0.80728626,0.6002898,0.5588905,0.47609192,0.37259367,0.27944526,0.44504243,0.44504243,0.49679154,0.38294348,0.26909542,0.23804596,0.36224383,0.37259367,0.35189402,0.35189402,0.22769614,0.42434278,0.38294348,0.24839577,0.15524736,0.50714135,0.44504243,0.35189402,0.5174912,0.45539227,0.27944526,0.27944526,0.27944526,0.18629684,0.26909542,0.16559719,0.44504243,0.33119437,0.31049472,0.19664666,0.124197885,0.31049472,0.19664666,0.14489754,0.33119437,0.11384807,0.13454771,0.09314842,0.38294348,0.124197885,0.16559719,0.3001449,0.14489754,0.96253365,0.10349824,0.11384807,0.21734631,0.27944526,0.14489754,0.31049472,0.26909542,0.18629684,0.041399296,0.062098943,0.31049472,0.16559719,0.124197885,0.23804596,0.14489754,0.2587456,0.09314842,0.20699649,0.10349824,0.14489754,0.32084453,0.09314842,0.062098943,0.16559719,0.16559719,0.14489754,0.23804596,0.13454771,0.031049471,0.14489754,0.13454771,0.124197885,0.062098943,0.17594701,0.16559719,0.09314842,0.19664666,0.05174912,0.07244877,0.11384807,0.10349824,0.031049471,0.09314842,0.14489754,0.13454771,0.16559719,0.10349824,0.08279859,0.11384807,0.14489754,0.07244877,0.13454771,0.05174912,0.20699649,0.17594701,0.15524736,0.15524736,0.08279859,0.09314842,0.15524736,0.062098943,0.14489754,0.062098943,0.041399296,0.09314842,0.07244877,0.07244877,0.10349824,0.08279859,0.16559719,0.124197885,0.07244877,0.041399296,0.32084453,0.041399296,0.08279859,0.08279859,0.020699648,0.05174912,0.20699649,0.07244877,0.031049471,0.10349824,0.031049471,0.041399296,0.041399296,0.124197885,0.08279859,0.031049471,0.05174912,0.07244877,0.08279859,0.031049471,0.07244877,0.07244877,0.11384807,0.09314842,0.041399296,0.05174912,0.07244877,0.18629684,0.062098943,0.062098943,0.28979507,0.09314842,0.07244877,0.041399296,0.05174912,0.10349824,0.031049471,0.124197885,0.09314842,0.020699648,0.041399296,0.16559719,0.031049471,0.07244877,0.041399296,0.07244877,0.062098943,0.020699648,0.09314842,0.010349824,0.07244877,0.05174912,0.05174912,0.062098943,0.07244877,0.020699648,0.09314842,0.10349824,0.05174912,0.031049471,0.020699648,0.08279859,0.031049471,0.07244877,0.041399296,0.010349824,0.07244877,0.041399296,0.062098943,0.08279859,0.05174912,0.031049471,0.010349824,0.07244877,0.09314842,0.09314842
1 Old Fortunatus,2.8679318,3.0543473,1.8259165,2.0935903,1.9645332,1.4722049,1.6920798,1.0467951,0.98943645,0.965537,1.0993738,1.4722049,0.8890588,0.9703169,0.7026433,0.85081977,0.71698296,0.73610246,0.42062998,0.61660534,0.6405048,0.5353473,0.53056735,0.5544668,0.40151045,0.09559772,0.32981214,0.54012716,0.4445294,0.40629032,0.33459204,0.40629032,0.15773624,0.18641557,0.1386167,0.2820133,0.30113283,0.42062998,0.1386167,0.26289374,0.37283114,0.35371158,0.2437742,0.23899432,0.18163568,0.22943453,0.28679317,0.43496963,0.39673057,0.28679317,0.21509488,0.35371158,0.5640266,0.51144785,0.26767364,0.43496963,0.18641557,0.18163568,0.32981214,0.21987477,0.07647818,0.14339659,0.1386167,0.28679317,0.14339659,0.10037761,0.2772334,0.17685579,0.19119544,0.07647818,0.17685579,0.22465466,0.15295637,0.20553511,0.21509488,0.16729602,0.23899432,0.21031499,0.33459204,0.20553511,0.1386167,0.08603795,0.23899432,0.3871708,0.09559772,0.08603795,0.07169829,0.11471727,0.12905693,0.06691841,0.109937385,0.09081784,0.028679317,0.20075522,0.13383682,0.12905693,0.06691841,0.12427704,0.081258066,0.18641557,0.11471727,0.14339659,0.07169829,0.06213852,0.1386167,0.08603795,0.14339659,0.08603795,0.08603795,0.043018974,0.12427704,0.15773624,0.19597533,0.14817648,0.033459205,0.07169829,0.10037761,0.052578747,0.057358634,0.11949716,0.13383682,0.18641557,0.11949716,0.14339659,0.11471727,0.18163568,0.22943453,0.019119546,0.06691841,0.11471727,0.1386167,0.06691841,0.057358634,0.24855408,0.028679317,0.2437742,0.028679317,0.18641557,0.04779886,0.11471727,0.11471727,0.18641557,0.07647818,0.033459205,0.081258066,0.014339658,0.057358634,0.04779886,0.09081784,0.057358634,0.12427704,0.08603795,0.18163568,0.03823909,0.08603795,0.07169829,0.07647818,0.06691841,0.004779887,0.09081784,0.09559772,0.07169829,0.043018974,0.109937385,0.13383682,0.11949716,0.004779887,0.109937385,0.08603795,0.033459205,0.109937385,0.009559773,0.11471727,0.109937385,0.057358634,0.13383682,0.043018974,0.028679317,0.12427704,0.07647818,0.10037761,0.07169829,0.033459205,0.03823909,0.081258066,0.028679317,0.14339659,0.09559772,0.03823909,0.019119546,0.043018974,0.028679317,0.07647818,0.04779886,0.052578747,0.028679317,0.052578747,0.02389943,0.043018974,0.06213852,0.028679317,0.02389943,0.109937385,0.13383682,0.009559773,0.019119546,0.07647818,0.04779886,0.03823909,0.043018974,0.009559773,0.04779886,0.04779886,0.019119546,0.057358634,0.03823909,0.04779886,0.03823909,0.004779887
2 Fair Maid of the West,3.425315,3.2273545,1.8056389,1.9856029,1.6136773,1.7036593,1.7036593,1.7576485,1.1337732,1.3437313,1.1217756,1.1697661,1.0437913,1.1037792,1.1697661,0.81583685,0.839832,1.0077984,0.74385124,0.509898,0.6478704,0.7258548,0.48590282,0.6118776,0.60587883,0.269946,0.3239352,0.48590282,0.509898,0.4379124,0.33593282,0.3839232,0.3659268,0.419916,0.4379124,0.49790043,0.48590282,0.2279544,0.2759448,0.3659268,0.3839232,0.38992202,0.1379724,0.2879424,0.1379724,0.2579484,0.2939412,0.2939412,0.1559688,0.2279544,0.18596281,0.2159568,0.2279544,0.16796641,0.2879424,0.4139172,0.1439712,0.3119376,0.3059388,0.44991,0.3059388,0.2879424,0.179964,0.2759448,0.1139772,0.1439712,0.3059388,0.26394722,0.2579484,0.101979606,0.179964,0.089982,0.18596281,0.1379724,0.2579484,0.23995201,0.16796641,0.16796641,0.089982,0.11997601,0.1559688,0.14997001,0.2159568,0.16796641,0.1559688,0.1379724,0.22195561,0.065986805,0.0119976,0.179964,0.1259748,0.11997601,0.2519496,0.179964,0.1919616,0.14997001,0.18596281,0.089982,0.041991603,0.1379724,0.1259748,0.1079784,0.1079784,0.16796641,0.041991603,0.2159568,0.0539892,0.1559688,0.1739652,0.2159568,0.0479904,0.1379724,0.083983205,0.083983205,0.041991603,0.0479904,0.2459508,0.22195561,0.0479904,0.0719856,0.16796641,0.101979606,0.0779844,0.2459508,0.1139772,0.089982,0.065986805,0.083983205,0.089982,0.1379724,0.089982,0.23395321,0.14997001,0.0719856,0.11997601,0.1139772,0.18596281,0.059988003,0.1139772,0.0719856,0.041991603,0.1079784,0.059988003,0.1139772,0.0719856,0.065986805,0.0779844,0.0239952,0.1259748,0.0719856,0.1379724,0.1079784,0.0479904,0.14997001,0.0239952,0.13197361,0.1139772,0.089982,0.179964,0.0959808,0.0539892,0.065986805,0.0239952,0.0359928,0.1259748,0.0719856,0.0779844,0.1139772,0.065986805,0.101979606,0.0479904,0.0059988,0.041991603,0.0959808,0.0359928,0.041991603,0.041991603,0.083983205,0.089982,0.0179964,0.065986805,0.0719856,0.059988003,0.0479904,0.041991603,0.13197361,0.1259748,0.0959808,0.0959808,0.0359928,0.041991603,0.0959808,0.0779844,0.0479904,0.0719856,0.041991603,0.0179964,0.0359928,0.065986805,0.0479904,0.065986805,0.029994002,0.0479904,0.059988003,0.083983205,0.0779844,0.041991603,0.0479904,0.0359928,0.0119976,0.083983205,0.0779844,0.065986805,0.065986805,0.0239952,0.0779844,0.029994002,0.0059988,0.083983205
2 Honest Whore,3.161899,2.272615,2.9049947,1.6056519,2.4998765,1.4080333,1.3240453,1.7291635,1.1807717,1.0127958,1.2548788,1.05726,1.0967838,0.91892695,0.9337483,0.7114273,0.8744627,0.73612964,0.66202265,0.82505804,0.51874906,0.67190355,0.44958252,0.602737,0.58297515,0.73612964,0.53357047,0.4100588,0.42982066,0.602737,0.46440393,0.3458327,0.30630898,0.33101133,0.4100588,0.22232103,0.23714243,0.4248802,0.2272615,0.36065412,0.34089226,0.29148757,0.37547553,0.30630898,0.47428486,0.30630898,0.4248802,0.34089226,0.16797589,0.3458327,0.1976187,0.33595178,0.31618991,0.33101133,0.36065412,0.2124401,0.22232103,0.29642805,0.23220196,0.1976187,0.22232103,0.19267823,0.40017787,0.18773776,0.3507732,0.14821403,0.21738057,0.21738057,0.16797589,0.48910627,0.2865471,0.35571364,0.16303542,0.29148757,0.20749962,0.12351169,0.083987944,0.2124401,0.37547553,0.24702337,0.13833308,0.09880935,0.20255916,0.2420829,0.19267823,0.20749962,0.14821403,0.2124401,0.17785682,0.09386888,0.064226076,0.13339262,0.044464204,0.06916654,0.23714243,0.18773776,0.118571214,0.12845215,0.17785682,0.09880935,0.14821403,0.17785682,0.12351169,0.12845215,0.1976187,0.03952374,0.054345142,0.13833308,0.06916654,0.054345142,0.09386888,0.07410701,0.14327355,0.11363075,0.06916654,0.25196382,0.17785682,0.083987944,0.118571214,0.15315449,0.09386888,0.14821403,0.10374981,0.014821402,0.10374981,0.054345142,0.1976187,0.07410701,0.118571214,0.06916654,0.13833308,0.014821402,0.07410701,0.083987944,0.14327355,0.06916654,0.07904748,0.15809496,0.108690284,0.12351169,0.13833308,0.09386888,0.09386888,0.044464204,0.03952374,0.044464204,0.10374981,0.23714243,0.07904748,0.07904748,0.03458327,0.108690284,0.13833308,0.009880935,0.31124943,0.009880935,0.09386888,0.07410701,0.06916654,0.059285607,0.07410701,0.03458327,0.13833308,0.064226076,0.09880935,0.07410701,0.07410701,0.083987944,0.07410701,0.059285607,0.108690284,0.12845215,0.07410701,0.083987944,0.09880935,0.108690284,0.07904748,0.054345142,0.083987944,0.08892841,0.03952374,0.049404673,0.03458327,0.03458327,0.01976187,0.059285607,0.049404673,0.10374981,0.024702337,0.03458327,0.014821402,0.03458327,0.08892841,0.08892841,0.09386888,0.054345142,0.03458327,0.07410701,0.03952374,0.049404673,0.044464204,0.064226076,0.03458327,0.049404673,0.014821402,0.064226076,0.054345142,0.044464204,0.11363075,0.049404673,0.029642804,0.059285607,0.049404673,0.029642804,0.083987944,0.049404673,0.029642804,0.07904748,0.004940467
2 If You Know Not Me You Know Nobody,3.4490135,3.2939415,2.6201808,2.2030907,1.8501685,1.5614139,1.6041923,1.7164857,1.0373777,1.1015453,1.3582162,1.128282,1.042725,0.93043154,1.197797,0.85022193,1.1496712,0.5347308,0.7165392,0.58285654,0.5775092,0.6898027,0.51334155,0.40104806,0.47056308,0.55077267,0.55612,0.5721619,0.3582696,0.31014383,0.486605,0.37431154,0.29944924,0.29944924,0.32083845,0.21389231,0.3582696,0.55077267,0.25667077,0.29410192,0.24597615,0.30479655,0.3582696,0.33153307,0.66306615,0.17646115,0.32618576,0.14972462,0.20319769,0.2673654,0.32083845,0.24597615,0.11764077,0.2834073,0.25667077,0.24597615,0.1443773,0.25132346,0.22458692,0.08020961,0.3582696,0.2887546,0.39570075,0.13903,0.26201808,0.16576654,0.14972462,0.19250308,0.26201808,0.12833539,0.24062884,0.18715577,0.22993423,0.21389231,0.20319769,0.18180846,0.31014383,0.19250308,0.101598844,0.15507191,0.1443773,0.18180846,0.11229346,0.16576654,0.208545,0.19250308,0.101598844,0.09625154,0.78070694,0.21923961,0.101598844,0.106946155,0.032083847,0.18180846,0.14972462,0.069515,0.085556924,0.17646115,0.20319769,0.09625154,0.1336827,0.069515,0.19785038,0.106946155,0.208545,0.07486231,0.09625154,0.106946155,0.11764077,0.09625154,0.19250308,0.058820385,0.021389231,0.18715577,0.1443773,0.09625154,0.09625154,0.058820385,0.06416769,0.09090423,0.09090423,0.13903,0.06416769,0.04812577,0.06416769,0.026736539,0.1336827,0.026736539,0.12833539,0.053473078,0.09090423,0.09090423,0.15507191,0.04812577,0.032083847,0.04812577,0.037431154,0.037431154,0.11229346,0.12833539,0.09090423,0.085556924,0.069515,0.069515,0.042778462,0.1336827,0.101598844,0.032083847,0.058820385,0.106946155,0.06416769,0.11229346,0.04812577,0.106946155,0.1336827,0.042778462,0.037431154,0.069515,0.037431154,0.037431154,0.069515,0.053473078,0.069515,0.06416769,0.12833539,0.058820385,0.058820385,0.07486231,0.037431154,0.08020961,0.07486231,0.058820385,0.06416769,0.06416769,0.106946155,0.026736539,0.09625154,0.08020961,0.021389231,0.058820385,0.032083847,0.053473078,0.016041923,0.053473078,0.101598844,0.058820385,0.04812577,0.04812577,0.026736539,0.042778462,0.058820385,0.069515,0.06416769,0.042778462,0.04812577,0.04812577,0.032083847,0.1336827,0.042778462,0.053473078,0.058820385,0.085556924,0.053473078,0.010694616,0.16576654,0.026736539,0.042778462,0.037431154,0.053473078,0.09090423,0.07486231,0.069515,0.06416769,0.021389231,0.069515,0.032083847,0.037431154,0.058820385,0.058820385
Brothers,2.3237178,3.4989316,2.3103633,1.6893697,2.0432692,2.250267,1.2219552,1.5958867,1.8028846,1.3354701,0.93482906,1.0750535,1.0616987,0.9682158,0.9415064,1.1151175,0.68108976,0.6543803,0.5608974,0.5675748,0.6076389,0.44070512,0.5942842,0.44070512,0.7745727,0.66773504,0.48744658,0.48744658,0.40731838,0.58092946,0.27377138,0.44070512,0.39396366,0.42067307,0.4340278,0.34054488,0.38060898,0.24706197,0.64102566,0.37393162,0.35389957,0.24706197,0.18696581,0.3071581,0.1736111,0.24706197,0.16025642,0.20032051,0.49412394,0.29380342,0.53418803,0.3672543,0.08680555,0.19364317,0.22702992,0.100160256,0.38060898,0.31383547,0.33386752,0.3672543,0.3071581,0.29380342,0.14022435,0.23370726,0.16025642,0.28712606,0.32051283,0.22702992,0.23370726,0.100160256,0.22702992,0.120192304,0.21367522,0.033386752,0.18028846,0.28712606,0.26709402,0.073450856,0.20032051,0.073450856,0.26041666,0.2804487,0.08680555,0.08680555,0.18028846,0.13354701,0.18028846,0.073450856,0.026709402,0.21367522,0.25373933,0.120192304,0.25373933,0.14690171,0.14022435,0.16693376,0.11351496,0.16693376,0.14022435,0.19364317,0.13354701,0.040064104,0.046741452,0.12686966,0.10683761,0.046741452,0.11351496,0.15357906,0.20699786,0.093482904,0.16693376,0.100160256,0.046741452,0.033386752,0.16025642,0.020032052,0.053418804,0.120192304,0.12686966,0.08680555,0.15357906,0.066773504,0.120192304,0.040064104,0.08680555,0.14690171,0.15357906,0.1736111,0.060096152,0.053418804,0.073450856,0.073450856,0.033386752,0.14690171,0.14690171,0.14022435,0.08680555,0.093482904,0.100160256,0.060096152,0.073450856,0.033386752,0.093482904,0.020032052,0.18696581,0.20699786,0.060096152,0.08012821,0.053418804,0.16693376,0.026709402,0.046741452,0.013354701,0.100160256,0.08680555,0.1736111,0.08680555,0.120192304,0.18696581,0.093482904,0.073450856,0.100160256,0.08012821,0.013354701,0.026709402,0.15357906,0.10683761,0.060096152,0.11351496,0.10683761,0.033386752,0.066773504,0.066773504,0.073450856,0.060096152,0.066773504,0.033386752,0.066773504,0.006677351,0.093482904,0.073450856,0.026709402,0.14022435,0.08680555,0.093482904,0.053418804,0.060096152,0.026709402,0.093482904,0.08680555,0.08680555,0.11351496,0.060096152,0.033386752,0.060096152,0.073450856,0.073450856,0.066773504,0.08680555,0.08680555,0.053418804,0.040064104,0.026709402,0.046741452,0.026709402,0.033386752,0.040064104,0.08012821,0.08680555,0.060096152,0.066773504,0.053418804,0.046741452,0.060096152,0.026709402,0.033386752,0.020032052,0.073450856,0.093482904
Cardinal,3.7877166,3.274128,2.5322776,1.7547613,2.0400884,2.5037448,1.3053713,1.6334974,1.7904273,1.2768385,1.0557101,1.091376,0.95584565,1.0557101,0.94871247,0.9986447,0.6633854,0.61345315,0.47792283,0.5635209,0.52072185,0.38519153,0.5777873,0.52072185,0.67765176,0.38519153,0.49932235,0.44225693,0.44225693,0.4493901,0.37092516,0.37092516,0.48505598,0.4565233,0.34239247,0.29246023,0.32099295,0.20686212,0.47078964,0.29959342,0.37805834,0.23539482,0.26392752,0.25679436,0.14266352,0.20686212,0.17832941,0.22826165,0.26392752,0.2139953,0.49932235,0.52785504,0.06419859,0.17832941,0.2781939,0.06419859,0.28532705,0.24966118,0.2710607,0.18546258,0.22826165,0.39232472,0.2781939,0.32099295,0.16406305,0.2781939,0.34239247,0.26392752,0.20686212,0.35665882,0.24252799,0.12839718,0.2781939,0.049932234,0.2139953,0.15692988,0.14266352,0.07133176,0.14266352,0.20686212,0.14979671,0.28532705,0.10699765,0.06419859,0.16406305,0.09986447,0.31385976,0.06419859,0.014266353,0.25679436,0.15692988,0.121263996,0.26392752,0.14979671,0.08559812,0.10699765,0.20686212,0.16406305,0.10699765,0.10699765,0.17119624,0.03566588,0.028532706,0.10699765,0.08559812,0.24252799,0.17832941,0.13553035,0.23539482,0.10699765,0.06419859,0.12839718,0.07133176,0.14979671,0.14266352,0.09273129,0.08559812,0.10699765,0.049932234,0.17119624,0.07846494,0.08559812,0.17119624,0.20686212,0.08559812,0.2139953,0.08559812,0.19972894,0.09986447,0.07133176,0.04279906,0.09986447,0.12839718,0.18546258,0.03566588,0.09273129,0.13553035,0.07133176,0.10699765,0.057065412,0.057065412,0.07133176,0.14979671,0.20686212,0.15692988,0.06419859,0.08559812,0.03566588,0.03566588,0.07133176,0.10699765,0.049932234,0.03566588,0.07133176,0.02139953,0.15692988,0.09986447,0.10699765,0.114130825,0.09986447,0.114130825,0.09986447,0.028532706,0.014266353,0.02139953,0.057065412,0.08559812,0.06419859,0.03566588,0.121263996,0.02139953,0.007133177,0.07846494,0.06419859,0.08559812,0.06419859,0.04279906,0.07846494,0.07846494,0.09986447,0.057065412,0.06419859,0.121263996,0.121263996,0.03566588,0.07846494,0.07133176,0.04279906,0.09986447,0.09273129,0.15692988,0.06419859,0.057065412,0.06419859,0.049932234,0.10699765,0.15692988,0.02139953,0.08559812,0.03566588,0.114130825,0.07846494,0.014266353,0.007133177,0.03566588,0.04279906,0.028532706,0.07133176,0.028532706,0.057065412,0.06419859,0.02139953,0.08559812,0.08559812,0.04279906,0.057065412,0.04279906,0.028532706,0.08559812
Challenge for Beauty,2.8687704,3.8361466,2.4417906,1.9147375,1.2208953,1.8413503,2.0148108,1.4544,1.0541064,1.3142972,0.6938422,1.2275668,0.8339449,1.0340917,1.1741945,0.847288,0.9273467,0.77390087,0.7605578,0.5270532,0.5337247,0.68717057,0.45366603,0.8339449,0.42697978,0.2802055,0.3802789,0.5003669,0.46033758,0.46033758,0.46033758,0.39362198,0.5470678,0.3402495,0.41363665,0.38695043,0.5937688,0.16678898,0.26686236,0.32023484,0.42030823,0.5003669,0.25351924,0.3802789,0.13343118,0.16011742,0.36693576,0.22683302,0.3068917,0.3469211,0.17346054,0.12008806,0.21348989,0.24017613,0.3135633,0.26686236,0.20014678,0.38695043,0.2601908,0.30022016,0.2601908,0.35359263,0.3736073,0.3736073,0.106744945,0.24017613,0.24017613,0.24684769,0.3402495,0.040029354,0.1467743,0.20014678,0.12008806,0.18013209,0.3269064,0.16678898,0.20014678,0.19347522,0.15344585,0.08673027,0.15344585,0.23350456,0.36026418,0.1467743,0.22683302,0.14010274,0.24684769,0.053372473,0.06004403,0.12675962,0.12675962,0.07338715,0.24684769,0.12675962,0.16678898,0.12008806,0.25351924,0.18680365,0.18013209,0.12008806,0.16011742,0.026686236,0.11341651,0.1467743,0.07338715,0.16678898,0.046700913,0.10007339,0.07338715,0.20681833,0.2735339,0.22016145,0.07338715,0.06004403,0.053372473,0.11341651,0.14010274,0.13343118,0.08005871,0.053372473,0.1467743,0.07338715,0.053372473,0.1467743,0.19347522,0.026686236,0.09340183,0.09340183,0.17346054,0.2935486,0.06004403,0.053372473,0.11341651,0.08673027,0.053372473,0.08005871,0.1467743,0.09340183,0.10007339,0.046700913,0.033357795,0.09340183,0.06004403,0.06671559,0.14010274,0.13343118,0.06671559,0.13343118,0.11341651,0.08005871,0.08673027,0.11341651,0.06004403,0.14010274,0.033357795,0.23350456,0.06004403,0.12008806,0.3068917,0.033357795,0.040029354,0.046700913,0.06671559,0.07338715,0.08005871,0.040029354,0.06004403,0.14010274,0.106744945,0.10007339,0.09340183,0.040029354,0.10007339,0.08673027,0.013343118,0.16678898,0.040029354,0.08005871,0.040029354,0.06671559,0.040029354,0.040029354,0.09340183,0.046700913,0.08673027,0.08005871,0.020014677,0.053372473,0.08673027,0.06004403,0.09340183,0.07338715,0.013343118,0.040029354,0.053372473,0.053372473,0.026686236,0.033357795,0.06004403,0.006671559,0.12008806,0.106744945,0.106744945,0.020014677,0.06671559,0.06671559,0.08005871,0.08673027,0.013343118,0.006671559,0.046700913,0.07338715,0.06004403,0.053372473,0.053372473,0.06671559,0.020014677,0.040029354,0.046700913
City Nightcap,3.736492,2.8023689,2.5825753,1.7644545,1.6423469,1.385921,1.7034007,1.6728739,0.88527995,1.1783382,0.90359604,0.9707552,0.6227486,1.337078,0.9219122,1.3065511,0.6899078,0.47621953,0.531168,0.59222174,0.402955,0.6227486,0.43958727,0.45179802,0.33579585,0.8974907,0.49453568,0.36021736,0.5555895,0.2869528,0.402955,0.23810977,0.45179802,0.45179802,0.45790341,0.29916355,0.1465291,0.38463888,0.3113743,0.44569266,0.30526894,0.41516575,0.24421516,0.38463888,0.37853348,0.36021736,0.4273765,0.36632273,0.23200439,0.37242812,0.13431834,0.3419012,0.51285183,0.26863667,0.2014775,0.15263447,0.32969046,0.22589901,0.16484523,0.28084743,0.22589901,0.23200439,0.2930582,0.12210758,0.2014775,0.26863667,0.10989682,0.15263447,0.21979363,0.3419012,0.25642592,0.20758288,0.14042372,0.116002195,0.22589901,0.19537212,0.17705598,0.21979363,0.23200439,0.1465291,0.2930582,0.079369925,0.13431834,0.16484523,0.15873985,0.09158068,0.10989682,0.18926674,0.018316137,0.14042372,0.12210758,0.10989682,0.21979363,0.14042372,0.05494841,0.13431834,0.3419012,0.10989682,0.079369925,0.10989682,0.0854753,0.18316136,0.25032052,0.14042372,0.116002195,0.13431834,0.15263447,0.04884303,0.116002195,0.079369925,0.12821296,0.10989682,0.23200439,0.16484523,0.09768606,0.15873985,0.06105379,0.10379144,0.15873985,0.18926674,0.1465291,0.14042372,0.15873985,0.20758288,0.2014775,0.09158068,0.04884303,0.1465291,0.09768606,0.06105379,0.14042372,0.06715917,0.04273765,0.024421515,0.07326455,0.06715917,0.04884303,0.06715917,0.15263447,0.10379144,0.06715917,0.04273765,0.07326455,0.16484523,0.036632273,0.04273765,0.0854753,0.116002195,0.04273765,0.05494841,0.07326455,0.12821296,0.030526895,0.15873985,0.04884303,0.09158068,0.10379144,0.06715917,0.079369925,0.10989682,0.10379144,0.09158068,0.09158068,0.09768606,0.06105379,0.21368825,0.09158068,0.04273765,0.036632273,0.04884303,0.12210758,0.0854753,0.0854753,0.012210758,0.10379144,0.05494841,0.05494841,0.07326455,0.05494841,0.05494841,0.116002195,0.05494841,0.04884303,0.116002195,0.079369925,0.06105379,0.05494841,0.079369925,0.030526895,0.06105379,0.10989682,0.04884303,0.09768606,0.0854753,0.036632273,0.0854753,0.06715917,0.024421515,0.06715917,0.06105379,0.05494841,0.0854753,0.06105379,0.07326455,0.036632273,0.079369925,0.036632273,0.079369925,0.018316137,0.030526895,0.06715917,0.036632273,0.05494841,0.09768606,0.024421515,0.05494841,0.018316137,0.06715917,0.09768606
Dick of Devonshire,3.6451044,2.963549,2.4341264,2.4158704,1.5091584,1.6917179,1.5456703,1.3996227,1.3509402,1.1683807,0.83977365,0.9371387,1.0466744,0.8823708,0.83977365,0.9067121,0.8336883,0.62070227,0.66329944,0.69372606,0.4868253,0.65721416,0.41988683,0.44422808,0.4503134,0.46248403,0.46248403,0.55376375,0.44422808,0.38946024,0.58419037,0.3346924,0.32252175,0.4503134,0.4929106,0.38337493,0.27383924,0.4138015,0.31643644,0.3042658,0.31643644,0.31643644,0.40771618,0.3772896,0.27383924,0.38946024,0.3407777,0.4503134,0.13387695,0.38337493,0.23732732,0.31643644,0.35294834,0.32860708,0.2981805,0.2555833,0.23732732,0.15821822,0.17038885,0.23124202,0.2616686,0.36511898,0.24949796,0.29209518,0.38946024,0.28600985,0.21907137,0.41988683,0.3407777,0.19473012,0.21907137,0.28600985,0.2555833,0.35903364,0.31035113,0.16430354,0.13996227,0.24341264,0.09736506,0.3042658,0.21907137,0.1521329,0.17038885,0.07910911,0.1886448,0.16430354,0.13996227,0.10953569,0.054767843,0.12779164,0.12779164,0.17647417,0.17647417,0.1886448,0.17038885,0.085194424,0.15821822,0.15821822,0.085194424,0.20081544,0.091279745,0.17038885,0.091279745,0.12170632,0.10953569,0.085194424,0.10953569,0.12170632,0.091279745,0.13387695,0.11562101,0.13387695,0.042597212,0.091279745,0.09736506,0.1886448,0.16430354,0.13387695,0.15821822,0.13387695,0.085194424,0.18255949,0.09736506,0.07910911,0.073023796,0.07910911,0.073023796,0.036511898,0.13387695,0.09736506,0.024341265,0.11562101,0.17647417,0.04868253,0.006085316,0.10345037,0.06085316,0.066938475,0.1521329,0.042597212,0.10345037,0.07910911,0.16430354,0.006085316,0.09736506,0.12779164,0.06085316,0.18255949,0.14604759,0.036511898,0.024341265,0.07910911,0.09736506,0.042597212,0.03042658,0.054767843,0.091279745,0.06085316,0.17038885,0.09736506,0.06085316,0.09736506,0.10345037,0.10345037,0.10345037,0.03042658,0.036511898,0.024341265,0.042597212,0.054767843,0.073023796,0.085194424,0.066938475,0.073023796,0.085194424,0.14604759,0.066938475,0.10345037,0.066938475,0.09736506,0.03042658,0.085194424,0.054767843,0.066938475,0.054767843,0.14604759,0.073023796,0.073023796,0.036511898,0.066938475,0.04868253,0.036511898,0.09736506,0.054767843,0.073023796,0.073023796,0.066938475,0.073023796,0.054767843,0.066938475,0.085194424,0.054767843,0.06085316,0.018255949,0.042597212,0.085194424,0.06085316,0.054767843,0.042597212,0.036511898,0.06085316,0.054767843,0.04868253,0.09736506,0.066938475,0.066938475,0.036511898,0.054767843,0.042597212
English Traveller,3.187229,3.9492714,1.6909556,1.902325,1.4740238,1.8912003,1.618645,1.5797086,0.9567249,1.5352097,0.92335075,1.1347202,0.9789743,1.1569697,0.990099,0.7453554,0.7453554,0.9567249,0.8732896,0.6674825,0.42830124,0.9789743,0.71754366,0.6507954,0.266993,0.69529426,0.266993,0.4227389,0.6062966,0.5228613,0.5840472,0.30036712,0.5061742,0.23361887,0.43942598,0.43942598,0.34486595,0.36711535,0.24474357,0.36711535,0.30592948,0.35599065,0.26143065,0.22805652,0.31705418,0.116809435,0.33374125,0.35599065,0.25030592,0.50061184,0.16687062,0.18912004,0.24474357,0.30592948,0.37824008,0.39492714,0.2169318,0.2781177,0.2169318,0.361553,0.19468239,0.30036712,0.28924242,0.41717654,0.32817888,0.22249416,0.25030592,0.2781177,0.37824008,0.02781177,0.1334965,0.25030592,0.20024474,0.22249416,0.2058071,0.2558683,0.3838024,0.19468239,0.1334965,0.10568473,0.13905884,0.23918122,0.2058071,0.22805652,0.14462121,0.15574591,0.2169318,0.05562354,0.30036712,0.12793414,0.04449883,0.15574591,0.04449883,0.072310604,0.10568473,0.18912004,0.061185893,0.24474357,0.061185893,0.08343531,0.1334965,0.022249416,0.18912004,0.20024474,0.11124708,0.10568473,0.14462121,0.072310604,0.10568473,0.13905884,0.2169318,0.2058071,0.116809435,0.077872954,0.17799532,0.122371785,0.14462121,0.1334965,0.061185893,0.072310604,0.061185893,0.10012237,0.04449883,0.050061185,0.18912004,0.05562354,0.038936477,0.02781177,0.04449883,0.1334965,0.033374123,0.12793414,0.077872954,0.02781177,0.10012237,0.04449883,0.15574591,0.09456002,0.08343531,0.11124708,0.038936477,0.05562354,0.077872954,0.022249416,0.061185893,0.09456002,0.072310604,0.11124708,0.116809435,0.08343531,0.016687062,0.14462121,0.050061185,0.20024474,0.2058071,0.10568473,0.10012237,0.14462121,0.08343531,0.072310604,0.122371785,0.061185893,0.061185893,0.122371785,0.077872954,0.077872954,0.050061185,0.22249416,0.06674825,0.15018356,0.061185893,0.33930358,0.10012237,0.077872954,0.10568473,0.033374123,0.08899766,0.09456002,0.022249416,0.04449883,0.038936477,0.04449883,0.016687062,0.05562354,0.09456002,0.09456002,0.022249416,0.08343531,0.05562354,0.08343531,0.04449883,0.11124708,0.072310604,0.09456002,0.050061185,0.02781177,0.06674825,0.061185893,0.04449883,0.050061185,0.10012237,0.038936477,0.072310604,0.022249416,0.13905884,0.050061185,0.05562354,0.08899766,0.050061185,0.12793414,0.04449883,0.09456002,0.072310604,0.04449883,0.016687062,0.04449883,0.072310604,0.016687062,0.038936477
Four Prentices of London,3.8914967,3.0728087,2.0576355,1.8447767,0.88418293,2.0740094,1.6755812,0.7641087,0.91147256,1.086126,1.0097151,1.1843685,0.7804825,0.9933413,1.1024997,1.1243314,0.6658662,0.82960373,0.5021286,0.5567078,0.7095295,0.5567078,0.7641087,0.5457919,0.41480187,0.01637376,0.3602227,0.64949244,0.4475494,0.23469053,0.3165593,0.30018556,0.23469053,0.3656806,0.21285886,0.6003711,0.32201725,0.24014845,0.13644798,0.16373758,0.22923261,0.2510643,0.20740093,0.12553215,0.16373758,0.30018556,0.3056435,0.26198015,0.3984281,0.2838118,0.19102718,0.2783539,0.20194302,0.29472765,0.19102718,0.6222028,0.26743805,0.34930685,0.3711385,0.2510643,0.21285886,0.32747516,0.19102718,0.3111014,0.18011135,0.16373758,0.24014845,0.26198015,0.24560638,0.10370047,0.20194302,0.114616305,0.16373758,0.18011135,0.18011135,0.1691955,0.2783539,0.13099007,0.2565222,0.13644798,0.2510643,0.1691955,0.10915839,0.20740093,0.1419059,0.2237747,0.10915839,0.13644798,0.07095295,0.076410875,0.1964851,0.08732671,0.23469053,0.13644798,0.076410875,0.22923261,0.1964851,0.12007423,0.14736383,0.07095295,0.1419059,0.08186879,0.08186879,0.14736383,0.09278463,0.13099007,0.13644798,0.054579195,0.14736383,0.12007423,0.12553215,0.03274752,0.10915839,0.10915839,0.076410875,0.00545792,0.049121276,0.1419059,0.10370047,0.10370047,0.16373758,0.10915839,0.054579195,0.19102718,0.07095295,0.07095295,0.043663356,0.114616305,0.114616305,0.060037114,0.07095295,0.21831678,0.08732671,0.13099007,0.027289597,0.07095295,0.14736383,0.043663356,0.09278463,0.09824255,0.060037114,0.09824255,0.054579195,0.06549504,0.12553215,0.049121276,0.14736383,0.010915839,0.10915839,0.060037114,0.00545792,0.06549504,0.10370047,0.027289597,0.054579195,0.021831678,0.049121276,0.07095295,0.01637376,0.038205437,0.049121276,0.09824255,0.01637376,0.18556926,0.038205437,0.06549504,0.010915839,0.054579195,0.054579195,0.043663356,0.08732671,0.01637376,0.13644798,0.043663356,0.021831678,0.06549504,0.054579195,0.03274752,0.060037114,0.021831678,0.038205437,0.10370047,0.07095295,0.076410875,0.1419059,0.08186879,0.10915839,0.09824255,0.043663356,0.03274752,0.06549504,0.08186879,0.043663356,0.038205437,0.049121276,0.12007423,0.06549504,0.010915839,0.03274752,0.054579195,0.08732671,0.010915839,0.07095295,0.054579195,0.038205437,0.021831678,0.038205437,0.010915839,0.027289597,0.043663356,0.08186879,0.043663356,0.060037114,0.049121276,0.038205437,0.06549504,0.038205437,0.01637376,0.03274752
Gamester,2.6812253,3.1119199,2.7236881,1.4740673,2.0321505,1.9532908,1.3770094,2.020018,1.9532908,1.2920837,1.5468608,0.903852,1.6257204,1.1889597,1.40734,0.80679405,1.0191083,0.5580831,0.83105856,0.69153774,0.6490749,0.5580831,0.4670913,0.4064301,0.72186834,0.68547165,0.8189263,0.35790113,0.5338186,0.62481046,0.29723993,0.5338186,0.5338186,0.49135578,0.36396724,0.1759175,0.31543827,0.2062481,0.5762815,0.49135578,0.48528966,0.18198362,0.4367607,0.36396724,0.20018199,0.3760995,0.27297544,0.33970276,0.51562023,0.2608432,0.34576887,0.22444646,0.18804975,0.2608432,0.2062481,0.18198362,0.37003335,0.27904156,0.2669093,0.27904156,0.4670913,0.27904156,0.27297544,0.15165302,0.15771914,0.49135578,0.20018199,0.1759175,0.15771914,0.042462844,0.1455869,0.1759175,0.21838035,0.19411586,0.23051259,0.09705793,0.030330604,0.21231422,0.10312405,0.10919017,0.15165302,0.27904156,0.22444646,0.07885957,0.18198362,0.15771914,0.15165302,0.121322416,0.21231422,0.35790113,0.09099181,0.15165302,0.15771914,0.16985138,0.25477707,0.066727325,0.09705793,0.18198362,0.10919017,0.066727325,0.115256295,0.115256295,0.15771914,0.10312405,0.10312405,0.07885957,0.09099181,0.20018199,0.121322416,0.12738854,0.07279345,0.066727325,0.036396723,0.054595087,0.21838035,0.21838035,0.07885957,0.121322416,0.121322416,0.13345465,0.066727325,0.10312405,0.29723993,0.048528966,0.07279345,0.066727325,0.07885957,0.07885957,0.07279345,0.13952078,0.13345465,0.13952078,0.10919017,0.121322416,0.115256295,0.09099181,0.115256295,0.042462844,0.07885957,0.048528966,0.054595087,0.054595087,0.12738854,0.012132241,0.048528966,0.1759175,0.12738854,0.10312405,0.054595087,0.115256295,0.024264483,0.07279345,0.07279345,0.07279345,0.036396723,0.07279345,0.10312405,0.054595087,0.07885957,0.115256295,0.121322416,0.054595087,0.048528966,0.006066121,0.060661208,0.030330604,0.21838035,0.07885957,0.10312405,0.10919017,0.018198362,0.048528966,0.048528966,0.066727325,0.066727325,0.012132241,0.07279345,0.13345465,0.066727325,0.121322416,0.012132241,0.042462844,0.060661208,0.09099181,0.048528966,0.060661208,0.08492569,0.048528966,0.07885957,0.09705793,0.10919017,0.048528966,0.066727325,0.08492569,0.048528966,0.042462844,0.115256295,0.060661208,0.12738854,0.10312405,0.042462844,0.054595087,0.030330604,0.08492569,0.048528966,0.07279345,0.07279345,0.08492569,0.10919017,0.018198362,0.030330604,0.042462844,0.024264483,0.036396723,0.018198362,0.054595087,0.054595087,0.048528966,0.10919017
If It Be Not Good the Devil Is in It,3.2865067,2.4985745,1.980198,1.8765228,1.9128091,1.3581463,1.3529625,1.342595,0.8034835,1.2285522,1.1093256,1.1559795,0.8294023,0.793116,0.89160746,0.89160746,0.8034835,0.8656887,0.71017575,0.68944067,0.75164586,0.528744,0.36804727,0.6998082,0.5805816,0.39914986,0.3628635,0.42506868,0.47690633,0.35767975,0.5235602,0.3628635,0.2332694,0.22808564,0.15551293,0.35767975,0.29547456,0.549479,0.13996165,0.2902908,0.3628635,0.22808564,0.29547456,0.40433362,0.2747395,0.40951738,0.2902908,0.31102586,0.09849153,0.42506868,0.25918823,0.264372,0.18143176,0.25918823,0.26955575,0.36804727,0.10367529,0.15032917,0.17624798,0.24363694,0.11922658,0.28510705,0.24363694,0.28510705,0.18143176,0.2332694,0.20735058,0.1606967,0.19698305,0.08812399,0.18143176,0.3213934,0.15032917,0.21771811,0.17106423,0.2332694,0.03628635,0.1451454,0.1606967,0.36804727,0.108859055,0.13996165,0.18661553,0.108859055,0.19179928,0.09330776,0.20735058,0.21253434,0.051837645,0.0725727,0.0725727,0.13477787,0.020735057,0.077756464,0.12959412,0.15032917,0.031102587,0.12959412,0.077756464,0.16588046,0.077756464,0.20735058,0.020735057,0.124410346,0.18661553,0.06738894,0.124410346,0.11404282,0.077756464,0.077756464,0.051837645,0.13996165,0.0725727,0.0725727,0.051837645,0.09849153,0.108859055,0.05702141,0.09849153,0.09849153,0.04665388,0.12959412,0.09849153,0.05702141,0.077756464,0.19179928,0.15032917,0.051837645,0.077756464,0.08294023,0.1606967,0.05702141,0.12959412,0.1606967,0.005183764,0.08294023,0.08812399,0.16588046,0.09330776,0.20216681,0.19698305,0.15032917,0.06738894,0.051837645,0.09330776,0.03628635,0.09849153,0.15551293,0.09330776,0.025918823,0.10367529,0.1451454,0.21771811,0.03628635,0.108859055,0.041470114,0.0725727,0.10367529,0.015551293,0.10367529,0.041470114,0.06738894,0.041470114,0.108859055,0.13477787,0.15032917,0.005183764,0.08812399,0.124410346,0.06738894,0.04665388,0.08812399,0.05702141,0.08294023,0.08812399,0.03628635,0.15551293,0.04665388,0.11404282,0.062205173,0.19179928,0.08294023,0.06738894,0.08812399,0.031102587,0.04665388,0.10367529,0.0725727,0.03628635,0.025918823,0.031102587,0.041470114,0.03628635,0.08294023,0.041470114,0.062205173,0.041470114,0.03628635,0.05702141,0.06738894,0.020735057,0.062205173,0.08812399,0.0725727,0.015551293,0.031102587,0.08812399,0.051837645,0.051837645,0.05702141,0.06738894,0.025918823,0.03628635,0.05702141,0.09849153,0.077756464,0.08294023,0.051837645,0.020735057
John and Matilda,4.3852344,3.427699,2.608937,2.3036358,1.131002,1.2003886,1.2212045,1.1795726,0.9991674,1.110186,0.97835135,0.8603941,0.65223426,0.94365805,0.6799889,1.3044685,0.7840688,0.45101306,0.30530113,0.58284765,0.8187621,0.5273383,0.43713573,0.4440744,0.43019706,0.58284765,0.555093,0.6036636,0.5203997,0.26366916,0.3885651,0.2775465,0.27060783,0.43713573,0.35387176,0.47182903,0.17346655,0.28448516,0.33999446,0.27060783,0.14571191,0.31917846,0.32611713,0.30530113,0.4232584,0.45101306,0.38162643,0.29836246,0.18040521,0.15958923,0.23591451,0.3122398,0.7354982,0.23591451,0.19428255,0.19428255,0.4024424,0.10407993,0.15265056,0.15265056,0.11795726,0.1665279,0.19428255,0.23591451,0.18040521,0.20815986,0.12489592,0.14571191,0.1665279,0.1665279,0.17346655,0.14571191,0.15265056,0.22897585,0.10407993,0.18040521,0.17346655,0.11795726,0.27060783,0.14571191,0.1110186,0.041631974,0.0555093,0.034693312,0.2775465,0.048570637,0.10407993,0.15958923,0.020815987,0.1110186,0.17346655,0.2775465,0.13877325,0.034693312,0.0555093,0.10407993,0.069386624,0.041631974,0.09714127,0.2220372,0.13183458,0.15265056,0.034693312,0.069386624,0.07632528,0.11795726,0.2220372,0.08326395,0.1110186,0.0555093,0.069386624,0.06244796,0.2220372,0.13183458,0.1110186,0.069386624,0.07632528,0.09020261,0.17346655,0.18040521,0.13877325,0.069386624,0.2012212,0.1110186,0.10407993,0.15958923,0.10407993,0.15265056,0.06244796,0.13183458,0.09020261,0.10407993,0.069386624,0.020815987,0.069386624,0.10407993,0.041631974,0.09714127,0.0555093,0.13183458,0.069386624,0.013877325,0.1110186,0.048570637,0.08326395,0.034693312,0.09714127,0.09714127,0.034693312,0.048570637,0.10407993,0.02775465,0.041631974,0.069386624,0.13183458,0.041631974,0.041631974,0.0555093,0.13183458,0.06244796,0.0555093,0.07632528,0.18734388,0.14571191,0.06244796,0.02775465,0.0555093,0.02775465,0.034693312,0.041631974,0.02775465,0.034693312,0.034693312,0.02775465,0.034693312,0.12489592,0.0555093,0.0555093,0.034693312,0.02775465,0.11795726,0.069386624,0.06244796,0.10407993,0.06244796,0.048570637,0.0555093,0.006938662,0.02775465,0.09020261,0.041631974,0.013877325,0.14571191,0.048570637,0.048570637,0.02775465,0.048570637,0.013877325,0.041631974,0.02775465,0.013877325,0.041631974,0.034693312,0.09020261,0.11795726,0.069386624,0.041631974,0.048570637,0.013877325,0.14571191,0.0555093,0.034693312,0.06244796,0.041631974,0.034693312,0.08326395,0.020815987,0.02775465,0.0555093
Love's Cruelty,3.0653267,2.5197415,2.7709978,1.5075377,2.361809,2.1823404,1.1198851,1.7300789,2.2828429,1.1342427,1.3424264,0.96913135,1.5075377,1.2275664,1.0839914,0.9260589,1.0265614,0.6676238,0.7465901,0.6460876,0.7896626,0.57430005,0.6532663,0.4091888,0.7824839,0.4809763,0.71787506,0.2512563,0.3804738,0.6532663,0.38765255,0.4235463,0.5527638,0.55994254,0.3086863,0.22972003,0.27997127,0.23689878,0.3661163,0.35893753,0.31586504,0.16511127,0.3517588,0.47379756,0.22254127,0.2512563,0.2512563,0.15075377,0.4235463,0.25843504,0.3661163,0.34458005,0.18664752,0.30150753,0.38765255,0.12203877,0.31586504,0.44508255,0.21536253,0.3086863,0.31586504,0.29432878,0.20818378,0.22972003,0.22254127,0.3374013,0.37329504,0.3804738,0.3374013,0.10768127,0.16511127,0.10768127,0.2656138,0.12921752,0.20100503,0.13639627,0.10050251,0.20100503,0.10050251,0.17229003,0.20818378,0.35893753,0.22254127,0.08614501,0.21536253,0.20818378,0.22254127,0.12203877,0.07896626,0.25843504,0.16511127,0.27997127,0.22254127,0.16511127,0.14357501,0.09332376,0.22972003,0.15075377,0.20818378,0.07896626,0.10768127,0.09332376,0.10050251,0.13639627,0.09332376,0.08614501,0.07896626,0.21536253,0.12203877,0.15793252,0.11486001,0.057430007,0.007178751,0.07896626,0.12203877,0.13639627,0.12203877,0.15793252,0.12921752,0.12203877,0.06460876,0.035893753,0.15793252,0.08614501,0.07896626,0.08614501,0.10050251,0.11486001,0.06460876,0.06460876,0.07178751,0.12203877,0.09332376,0.15075377,0.10768127,0.10050251,0.07178751,0.057430007,0.057430007,0.035893753,0.08614501,0.07178751,0.08614501,0.06460876,0.057430007,0.10050251,0.12921752,0.06460876,0.08614501,0.10768127,0.20100503,0.07178751,0.057430007,0.22254127,0.021536253,0.10768127,0.057430007,0.08614501,0.07178751,0.057430007,0.10768127,0.11486001,0.17229003,0.014357502,0.021536253,0.043072507,0.10768127,0.035893753,0.10050251,0.10768127,0.028715003,0.014357502,0.050251257,0.06460876,0.09332376,0.035893753,0.057430007,0.07896626,0.035893753,0.050251257,0.057430007,0.07178751,0.15793252,0.07178751,0.06460876,0.028715003,0.057430007,0.035893753,0.11486001,0.07896626,0.10768127,0.13639627,0.06460876,0.07178751,0.050251257,0.09332376,0.09332376,0.057430007,0.057430007,0.050251257,0.043072507,0.10050251,0.021536253,0.021536253,0.035893753,0.06460876,0.06460876,0.043072507,0.050251257,0.014357502,0.07178751,0.050251257,0.06460876,0.10050251,0.021536253,0.007178751,0.035893753,0.07178751,0.15075377
Opportunity,2.9421487,2.6975207,2.413223,2.0099173,2.1619835,2.2413223,1.368595,1.7520661,1.9239669,1.4677685,1.3355372,0.9785124,1.553719,1.0380166,1.2231405,0.8066116,0.72727275,0.58181816,0.87933886,0.8198347,0.60826445,0.37024793,0.3371901,0.48264462,0.6545454,0.4429752,0.7801653,0.29752067,0.37024793,0.75371903,0.37685952,0.6347107,0.48264462,0.4892562,0.46280992,0.13884297,0.2446281,0.1983471,0.5223141,0.4033058,0.41652894,0.2446281,0.23140496,0.37024793,0.1983471,0.36363637,0.19173554,0.3570248,0.42975205,0.18512397,0.36363637,0.20495868,0.03305785,0.27107438,0.3107438,0.15867768,0.36363637,0.27768594,0.31735536,0.31735536,0.42975205,0.38347107,0.112396695,0.09917355,0.16528925,0.34380165,0.23801653,0.28429753,0.22479339,0.23140496,0.2644628,0.1322314,0.2446281,0.1785124,0.22479339,0.1322314,0.04628099,0.12561983,0.04628099,0.112396695,0.19173554,0.2644628,0.112396695,0.07933884,0.14545454,0.16528925,0.34380165,0.09917355,0.112396695,0.29752067,0.15206611,0.1785124,0.17190082,0.12561983,0.19173554,0.105785124,0.09917355,0.20495868,0.1983471,0.08595041,0.09917355,0.059504133,0.105785124,0.1785124,0.052892562,0.07272727,0.08595041,0.09256198,0.1322314,0.13884297,0.09917355,0.03305785,0.01983471,0.052892562,0.19173554,0.04628099,0.052892562,0.13884297,0.15867768,0.08595041,0.07272727,0.0661157,0.17190082,0.04628099,0.07272727,0.119008265,0.07272727,0.09917355,0.112396695,0.105785124,0.07933884,0.105785124,0.059504133,0.07933884,0.052892562,0.09256198,0.112396695,0.01983471,0.07933884,0.01983471,0.04628099,0.112396695,0.09256198,0.27107438,0.09256198,0.2446281,0.112396695,0.08595041,0.112396695,0.01983471,0.27768594,0.052892562,0.03305785,0.13884297,0.052892562,0.119008265,0.08595041,0.03305785,0.09917355,0.059504133,0.105785124,0.07933884,0.112396695,0.03966942,0.059504133,0.09917355,0.17190082,0.052892562,0.07272727,0.07272727,0.026446281,0.013223141,0.09256198,0.059504133,0.059504133,0.0661157,0.03966942,0.12561983,0.04628099,0.09256198,0.059504133,0.119008265,0.07933884,0.07272727,0.105785124,0.059504133,0.026446281,0.04628099,0.22479339,0.1322314,0.13884297,0.0661157,0.08595041,0.08595041,0.0661157,0.03305785,0.09256198,0.08595041,0.15867768,0.07272727,0.052892562,0.03966942,0.059504133,0.03305785,0.07272727,0.059504133,0.105785124,0.08595041,0.04628099,0.052892562,0.0661157,0.052892562,0.04628099,0.026446281,0.013223141,0.00661157,0.059504133,0.1322314,0.07933884
Rape of Lucrece,4.4679694,3.4364822,1.6286645,2.1824105,1.3897938,1.422367,1.6232356,0.7980456,0.99348533,1.3843648,0.8631922,1.1509229,0.9771987,0.9391965,0.75461453,1.102063,0.76004344,0.82519,0.5483171,0.5103149,0.7383279,0.5863192,0.60803473,0.3583062,0.3854506,0.027144408,0.24972856,0.48317048,0.37459284,0.46145493,0.29858848,0.31487513,0.36373508,0.35287732,0.30401736,0.41802388,0.412595,0.21715526,0.24429968,0.19001086,0.27144408,0.2931596,0.17372422,0.19543974,0.27687296,0.412595,0.36373508,0.21715526,0.320304,0.2062975,0.33116177,0.19001086,0.3583062,0.22801302,0.320304,0.24972856,0.24972856,0.21715526,0.26058632,0.2334419,0.13572204,0.16829532,0.42345276,0.21172638,0.17372422,0.16286644,0.21715526,0.2062975,0.21715526,0.30944625,0.15200868,0.08143322,0.13572204,0.13572204,0.1791531,0.1465798,0.21715526,0.13572204,0.13572204,0.08686211,0.14115092,0.16286644,0.09771987,0.2334419,0.14115092,0.1465798,0.09229099,0.16829532,0.016286645,0.08686211,0.10857763,0.07600434,0.10314875,0.13029316,0.1465798,0.16829532,0.1465798,0.1194354,0.10857763,0.07600434,0.13029316,0.25515744,0.16286644,0.11400651,0.09229099,0.19543974,0.08686211,0.15200868,0.08143322,0.08143322,0.15743756,0.08143322,0.15200868,0.15743756,0.09771987,0.010857764,0.15200868,0.07057546,0.10857763,0.043431055,0.16829532,0.0597177,0.03800217,0.16829532,0.09771987,0.08143322,0.043431055,0.21715526,0.1465798,0.09229099,0.08143322,0.054288816,0.09229099,0.06514658,0.048859935,0.1194354,0.08143322,0.06514658,0.09229099,0.09771987,0.0597177,0.1465798,0.06514658,0.07057546,0.10314875,0.06514658,0.09229099,0.016286645,0.08143322,0.13029316,0.08143322,0.09771987,0.06514658,0.0597177,0.03257329,0.043431055,0.10857763,0.12486428,0.10314875,0.054288816,0.06514658,0.09771987,0.010857764,0.10857763,0.09771987,0.054288816,0.021715527,0.06514658,0.10314875,0.10857763,0.043431055,0.043431055,0.12486428,0.09229099,0.03800217,0.043431055,0.054288816,0.043431055,0.0597177,0.03800217,0.0597177,0.054288816,0.048859935,0.048859935,0.07057546,0.07600434,0.09229099,0.043431055,0.03800217,0.0597177,0.03800217,0.048859935,0.010857764,0.07057546,0.10857763,0.10857763,0.027144408,0.10857763,0.03800217,0.0597177,0.043431055,0.043431055,0.07600434,0.005428882,0.048859935,0.03800217,0.03800217,0.054288816,0.03257329,0.043431055,0.021715527,0.021715527,0.06514658,0.021715527,0.0597177,0.048859935,0.06514658,0.005428882,0.0597177
Royal Master,3.3821204,3.2700422,2.294304,2.1558545,2.1492617,2.2283754,1.4636075,1.5756856,1.8393987,1.5493144,0.9955169,1.0350739,1.5295359,1.180116,0.94277424,1.1141877,0.6790612,0.72521096,0.5801688,0.79773206,0.534019,0.4680907,0.44831222,0.39556962,0.5142405,0.5867616,0.40875527,0.47468355,0.4153481,0.5603903,0.22415611,0.34941983,0.48127636,0.5142405,0.2900844,0.36260548,0.32964134,0.28349155,0.6395042,0.39556962,0.40875527,0.19119199,0.16482067,0.40216243,0.17800634,0.37579113,0.13844937,0.2637131,0.5669831,0.2505274,0.43512657,0.2637131,0.04614979,0.1714135,0.2900844,0.1450422,0.494462,0.342827,0.39556962,0.342827,0.32304853,0.16482067,0.0725211,0.34941983,0.052742615,0.2439346,0.30327004,0.2637131,0.19119199,0.35601267,0.2637131,0.06592827,0.1714135,0.20437764,0.18459916,0.19119199,0.10548523,0.16482067,0.17800634,0.06592827,0.17800634,0.23074895,0.1252637,0.06592827,0.10548523,0.112078056,0.2703059,0.06592827,0.032964136,0.19119199,0.2900844,0.16482067,0.2900844,0.10548523,0.1252637,0.07911392,0.18459916,0.13185655,0.16482067,0.09229958,0.18459916,0.04614979,0.04614979,0.10548523,0.09229958,0.20437764,0.1252637,0.17800634,0.11867089,0.15163502,0.112078056,0.09229958,0.052742615,0.04614979,0.18459916,0.13185655,0.112078056,0.1714135,0.1252637,0.07911392,0.11867089,0.026371308,0.09229958,0.09229958,0.098892406,0.1252637,0.032964136,0.112078056,0.21097046,0.052742615,0.09229958,0.13185655,0.08570675,0.10548523,0.04614979,0.1252637,0.18459916,0.07911392,0.04614979,0.052742615,0.052742615,0.0725211,0.08570675,0.1714135,0.16482067,0.10548523,0.059335444,0.06592827,0.0725211,0.15822785,0.2439346,0.06592827,0.01977848,0.08570675,0.06592827,0.16482067,0.098892406,0.052742615,0.059335444,0.06592827,0.13185655,0.1252637,0.10548523,0.01977848,0.01977848,0.032964136,0.026371308,0.0725211,0.032964136,0.112078056,0.03955696,0.032964136,0.03955696,0.04614979,0.052742615,0.052742615,0.04614979,0.04614979,0.006592827,0.07911392,0.06592827,0.052742615,0.1450422,0.10548523,0.059335444,0.03955696,0.059335444,0.032964136,0.15163502,0.04614979,0.17800634,0.10548523,0.04614979,0.026371308,0.032964136,0.0725211,0.11867089,0.112078056,0.1252637,0.03955696,0.0725211,0.03955696,0.06592827,0.026371308,0.032964136,0.04614979,0.059335444,0.032964136,0.04614979,0.08570675,0.059335444,0.032964136,0.059335444,0.06592827,0.013185654,0.026371308,0.04614979,0.059335444,0.052742615
Satiromastix,2.944902,3.1085074,2.316867,2.0582647,1.9157695,1.3827317,1.4355077,1.4143972,1.1294068,0.9763563,1.3563436,0.7916403,0.93941313,0.9288579,0.6966435,0.74941945,0.72830904,0.70192105,0.44859615,0.44859615,0.70192105,0.68081063,0.47498417,0.5647034,0.46970657,0.5752586,0.36415452,0.569981,0.39054254,0.3008233,0.5594258,0.24804729,0.21110408,0.2955457,0.21638167,0.20054887,0.3535993,0.39054254,0.09499683,0.3061009,0.2533249,0.3535993,0.5752586,0.2691577,0.40637535,0.21638167,0.34304413,0.18471606,0.19527127,0.36943212,0.34832174,0.37998733,0.3535993,0.22165927,0.2533249,0.22165927,0.33248892,0.14249524,0.2691577,0.15832806,0.2533249,0.121384844,0.19527127,0.22693688,0.2902681,0.2902681,0.13721764,0.13721764,0.08444163,0.100274436,0.27443528,0.51192737,0.21638167,0.2638801,0.14249524,0.11610724,0.063331224,0.24804729,0.2638801,0.2797129,0.15832806,0.073886424,0.16360566,0.36943212,0.18999366,0.12666245,0.10555204,0.32721132,0.14777285,0.100274436,0.08971923,0.09499683,0.036943212,0.15832806,0.13721764,0.121384844,0.08971923,0.063331224,0.19527127,0.24276969,0.14777285,0.16888326,0.22693688,0.07916403,0.15832806,0.09499683,0.09499683,0.06860882,0.09499683,0.10555204,0.07916403,0.17943846,0.18999366,0.08971923,0.05805362,0.12666245,0.10555204,0.10555204,0.08971923,0.10555204,0.121384844,0.13721764,0.11610724,0.100274436,0.100274436,0.08444163,0.08971923,0.08971923,0.05805362,0.10555204,0.20054887,0.02638801,0.08971923,0.073886424,0.13194005,0.08971923,0.05277602,0.02638801,0.08971923,0.10555204,0.10555204,0.121384844,0.073886424,0.08444163,0.08444163,0.06860882,0.05277602,0.08444163,0.121384844,0.021110408,0.08444163,0.047498416,0.100274436,0.010555204,0.073886424,0.042220816,0.031665612,0.05805362,0.063331224,0.100274436,0.036943212,0.042220816,0.08444163,0.100274436,0.031665612,0.06860882,0.100274436,0.042220816,0.16360566,0.031665612,0.14249524,0.02638801,0.036943212,0.08971923,0.121384844,0.10555204,0.17943846,0.05805362,0.17416087,0.18999366,0.031665612,0.042220816,0.05805362,0.036943212,0.06860882,0.08971923,0.063331224,0.047498416,0.015832806,0.05277602,0.036943212,0.06860882,0.02638801,0.036943212,0.08971923,0.07916403,0.05277602,0.06860882,0.010555204,0.05277602,0.02638801,0.036943212,0.047498416,0.19527127,0.06860882,0.15305045,0.042220816,0.047498416,0.20054887,0.015832806,0.07916403,0.09499683,0.031665612,0.010555204,0.073886424,0.05805362,0.10555204,0.036943212,0.005277602
Shoemaker's Holiday,2.7169905,2.5202851,2.1944923,1.8625523,1.9055815,1.1863781,1.32776,1.2539955,1.2601426,1.155643,1.149496,0.99582,1.1433489,0.93434966,0.7622326,0.8544382,1.1187607,0.56552744,0.6085567,0.44873372,0.66388,0.6085567,0.30735186,0.4302926,0.44258666,0.2643226,0.49176297,0.62085074,0.43643963,0.3503811,0.45488074,0.4302926,0.32579297,0.28891075,0.19055815,0.19670519,0.23358741,0.5163511,0.22129333,0.40570444,0.27661666,0.2643226,0.5102041,0.2151463,0.670027,0.5163511,0.30735186,0.2151463,0.5409393,0.23973444,0.2151463,0.19055815,0.49176297,0.31349888,0.23358741,0.30120483,0.27661666,0.14752889,0.23358741,0.2643226,0.22129333,0.12908778,0.22129333,0.15367593,0.42414555,0.14138186,0.14752889,0.11679371,0.14138186,0.66388,0.11679371,0.15982297,0.19670519,0.2643226,0.17211704,0.27046964,0.14752889,0.19670519,0.14752889,0.16597,0.08605852,0.098352596,0.13523482,0.16597,0.15982297,0.19055815,0.049176298,0.35652816,0.50405705,0.098352596,0.17211704,0.19670519,0.20899926,0.20899926,0.11679371,0.110646665,0.110646665,0.07376444,0.11679371,0.092205554,0.13523482,0.28276372,0.14752889,0.049176298,0.15367593,0.03688222,0.01844111,0.07376444,0.07376444,0.17211704,0.07376444,0.06761741,0.20899926,0.15982297,0.098352596,0.14138186,0.079911485,0.030735185,0.08605852,0.14752889,0.110646665,0.110646665,0.055323333,0.03688222,0.055323333,0.055323333,0.110646665,0.03688222,0.04302926,0.092205554,0.11679371,0.092205554,0.11679371,0.03688222,0.30735186,0.06761741,0.04302926,0.110646665,0.06761741,0.12908778,0.20285222,0.12294074,0.07376444,0.10449963,0.03688222,0.092205554,0.03688222,0.14752889,0.079911485,0.07376444,0.006147037,0.07376444,0.17826408,0.049176298,0.15982297,0.092205554,0.07376444,0.049176298,0.01844111,0.049176298,0.06147037,0.06761741,0.092205554,0.098352596,0.03688222,0.049176298,0.11679371,0.055323333,0.03688222,0.024588149,0.16597,0.092205554,0.06761741,0.04302926,0.049176298,0.06761741,0.092205554,0.04302926,0.06761741,0.03688222,0.030735185,0.14752889,0.03688222,0.055323333,0.030735185,0.049176298,0.030735185,0.049176298,0.04302926,0.06147037,0.030735185,0.04302926,0.092205554,0.055323333,0.079911485,0.06147037,0.03688222,0.092205554,0.06147037,0.04302926,0.04302926,0.13523482,0.030735185,0.110646665,0.03688222,0.03688222,0.07376444,0.024588149,0.12294074,0.12294074,0.049176298,0.024588149,0.030735185,0.079911485,0.04302926,0.04302926,0.110646665,0.08605852,0.01844111
Sisters,3.387534,3.4468157,2.862466,1.9054878,2.100271,1.9647696,1.1348238,1.431233,1.7784553,1.2195122,1.1602304,1.024729,1.5752033,0.9061653,1.1517615,0.87228996,0.66056913,0.5674119,0.7537263,0.8130081,0.73678863,0.38109756,0.7113821,0.51659894,0.64363146,0.65210027,0.65210027,0.40650406,0.21172087,0.6097561,0.2455962,0.49966124,0.35569105,0.30487806,0.38109756,0.2455962,0.28794038,0.21172087,0.6182249,0.32181573,0.17784552,0.13550135,0.25406504,0.35569105,0.26253387,0.30487806,0.14397019,0.26253387,0.26253387,0.29640922,0.3472222,0.36415988,0.08468835,0.23712738,0.28794038,0.2201897,0.4149729,0.30487806,0.26253387,0.3133469,0.4149729,0.16090786,0.25406504,0.11856369,0.18631436,0.25406504,0.22865854,0.2455962,0.18631436,0.4403794,0.38109756,0.1693767,0.26253387,0.16090786,0.11856369,0.21172087,0.13550135,0.06775068,0.12703252,0.1947832,0.14397019,0.14397019,0.076219514,0.059281845,0.12703252,0.18631436,0.22865854,0.11856369,0.076219514,0.20325203,0.16090786,0.18631436,0.25406504,0.076219514,0.09315718,0.06775068,0.29640922,0.11009485,0.1693767,0.076219514,0.16090786,0.042344175,0.042344175,0.09315718,0.13550135,0.1947832,0.06775068,0.11856369,0.15243903,0.11009485,0.059281845,0.14397019,0.11009485,0.13550135,0.21172087,0.08468835,0.101626016,0.11009485,0.16090786,0.06775068,0.11009485,0.09315718,0.11009485,0.03387534,0.059281845,0.03387534,0.09315718,0.11856369,0.101626016,0.059281845,0.042344175,0.06775068,0.09315718,0.059281845,0.08468835,0.09315718,0.11856369,0.101626016,0.03387534,0.025406504,0.050813008,0.042344175,0.101626016,0.15243903,0.14397019,0.08468835,0.06775068,0.050813008,0.025406504,0.11856369,0.16090786,0.025406504,0.025406504,0.03387534,0.08468835,0.06775068,0.042344175,0.059281845,0.008468835,0.15243903,0.09315718,0.13550135,0.1693767,0.050813008,0.03387534,0.042344175,0.059281845,0.050813008,0.03387534,0.076219514,0.050813008,0.09315718,0.06775068,0.042344175,0.059281845,0.08468835,0.06775068,0.042344175,0.08468835,0.076219514,0.06775068,0.025406504,0.13550135,0.06775068,0.03387534,0.06775068,0.03387534,0.059281845,0.076219514,0.1693767,0.08468835,0.059281845,0.08468835,0.09315718,0.076219514,0.025406504,0.09315718,0.03387534,0.11009485,0.03387534,0.025406504,0.08468835,0.03387534,0.01693767,0.025406504,0.06775068,0.050813008,0.042344175,0.050813008,0.025406504,0.050813008,0.01693767,0.008468835,0.076219514,0.025406504,0.050813008,0.042344175,0.03387534,0.042344175
Traitor,3.1655843,2.947053,2.054196,1.6545954,1.9667832,2.2227771,1.3111888,1.6608392,1.9605395,1.3236763,1.0801698,1.0427073,1.2924576,1.1925575,1.1550949,0.93031967,0.75549453,0.6368631,0.5994006,0.4995005,0.71803194,0.39335665,0.41833168,0.41833168,0.46828172,0.3434066,0.5744256,0.38086912,0.37462538,0.49325675,0.3434066,0.5994006,0.3996004,0.34965035,0.29345655,0.24975026,0.32467532,0.18106893,0.43706295,0.31843156,0.2747253,0.3309191,0.26223776,0.255994,0.255994,0.3871129,0.2997003,0.20604396,0.37462538,0.2997003,0.41833168,0.26848152,0.20604396,0.22477522,0.28096902,0.15609391,0.28096902,0.30594406,0.30594406,0.23101898,0.23101898,0.22477522,0.14985014,0.15609391,0.22477522,0.31843156,0.29345655,0.255994,0.18106893,0.53696305,0.18731269,0.11863137,0.16858141,0.07492507,0.1436064,0.13111888,0.2747253,0.23101898,0.06868132,0.14985014,0.2872128,0.21853147,0.17482518,0.093656346,0.20604396,0.21228771,0.1998002,0.11238761,0.012487512,0.13111888,0.1998002,0.17482518,0.17482518,0.23726274,0.15609391,0.16233766,0.106143855,0.17482518,0.0999001,0.106143855,0.08741259,0.06868132,0.06868132,0.0999001,0.0999001,0.16233766,0.2872128,0.11863137,0.14985014,0.13111888,0.07492507,0.106143855,0.043706294,0.12487513,0.08116883,0.13111888,0.08741259,0.13111888,0.093656346,0.14985014,0.06868132,0.056193806,0.16233766,0.23101898,0.11863137,0.20604396,0.08741259,0.1998002,0.11863137,0.06868132,0.1436064,0.11863137,0.0999001,0.18731269,0.031218782,0.07492507,0.06868132,0.037462536,0.07492507,0.043706294,0.043706294,0.06868132,0.0999001,0.062437564,0.0999001,0.0999001,0.04995005,0.093656346,0.08116883,0.11863137,0.11863137,0.056193806,0.018731268,0.06868132,0.018731268,0.06868132,0.08741259,0.08741259,0.08741259,0.08741259,0.16233766,0.14985014,0.13736264,0.037462536,0.056193806,0.106143855,0.031218782,0.07492507,0.06868132,0.062437564,0.04995005,0.06868132,0.06868132,0.04995005,0.07492507,0.043706294,0.043706294,0.06868132,0.06868132,0.062437564,0.106143855,0.043706294,0.106143855,0.07492507,0.043706294,0.031218782,0.062437564,0.043706294,0.106143855,0.06868132,0.0999001,0.08116883,0.04995005,0.07492507,0.031218782,0.07492507,0.0999001,0.062437564,0.06868132,0.16233766,0.08116883,0.056193806,0.037462536,0.037462536,0.056193806,0.018731268,0.06868132,0.031218782,0.08116883,0.037462536,0.024975024,0.04995005,0.037462536,0.062437564,0.024975024,0.062437564,0.043706294,0.031218782,0.056193806
Whore of Babylon,3.671997,2.7728424,1.7121629,2.1321273,1.4860281,1.5775589,1.5721747,1.1898993,0.91530716,1.1091369,0.7214774,0.8776181,0.8399289,0.9637646,0.7807032,1.0014538,0.5599526,1.0283746,0.5491843,1.0283746,0.5491843,0.62456256,0.92607546,0.47380605,0.3607387,0.1884456,0.41458032,0.403812,0.403812,0.3607387,0.39304367,0.09691488,0.38227534,0.31766543,0.22075056,0.5114952,0.31766543,0.26920798,0.35535455,0.27459216,0.32304958,0.5438001,0.22613472,0.25843966,0.2530555,0.28536046,0.31228128,0.62456256,0.064609915,0.29612878,0.26382384,0.38765952,0.26920798,0.25843966,0.29074463,0.3607387,0.26920798,0.18306144,0.22613472,0.17767727,0.17229311,0.15075648,0.09691488,0.40919614,0.16690895,0.102299035,0.13998815,0.18306144,0.2530555,0.032304958,0.20459807,0.3338179,0.17229311,0.1884456,0.13998815,0.1992139,0.11306736,0.15075648,0.3499704,0.40919614,0.14537232,0.043073278,0.16152479,0.19382976,0.11845151,0.102299035,0.1884456,0.1992139,0.01076832,0.032304958,0.09691488,0.06999408,0.021536639,0.086146556,0.064609915,0.2153664,0.032304958,0.11845151,0.080762394,0.1884456,0.11306736,0.123835675,0.123835675,0.080762394,0.15614064,0.17767727,0.16690895,0.080762394,0.09691488,0.06999408,0.043073278,0.24767135,0.12921983,0.15075648,0.12921983,0.04845744,0.102299035,0.09153072,0.11845151,0.09691488,0.043073278,0.11306736,0.07537824,0.080762394,0.080762394,0.080762394,0.0538416,0.19382976,0.07537824,0.064609915,0.059225757,0.032304958,0.1076832,0.080762394,0.059225757,0.09153072,0.09691488,0.35535455,0.059225757,0.123835675,0.13998815,0.13998815,0.06999408,0.016152479,0.12921983,0.0269208,0.07537824,0.04845744,0.043073278,0.064609915,0.080762394,0.09153072,0.1992139,0.00538416,0.032304958,0.059225757,0.04845744,0.1076832,0.0538416,0.123835675,0.059225757,0.06999408,0.080762394,0.080762394,0.1076832,0.080762394,0.0538416,0.07537824,0.032304958,0.032304958,0.080762394,0.01076832,0.059225757,0.080762394,0.06999408,0.0538416,0.086146556,0.06999408,0.13998815,0.04845744,0.09153072,0.059225757,0.09153072,0.043073278,0.01076832,0.03768912,0.032304958,0.102299035,0.032304958,0.032304958,0.032304958,0.04845744,0.043073278,0.080762394,0.1076832,0.064609915,0.016152479,0.021536639,0.043073278,0.043073278,0.064609915,0.04845744,0.11845151,0.021536639,0.01076832,0.043073278,0.021536639,0.086146556,0.021536639,0.016152479,0.0538416,0.016152479,0.0269208,0.04845744,0.14537232,0.080762394,0.064609915,0.0269208,0.0269208
Wise Woman of Hogsdon,2.7237353,3.426855,2.6759505,1.7407331,1.8977405,1.8704349,1.3925865,1.4471978,1.283364,1.1127039,1.433545,1.1877944,1.1127039,1.3379753,1.2424057,0.8669534,0.81916857,0.641682,0.9010854,0.55976516,0.67581403,0.7372517,0.36179945,0.65533483,0.6348556,1.0171343,0.55976516,0.36862585,0.65533483,0.38910505,0.53928596,0.6280292,0.3071882,0.35497305,0.36862585,0.23209776,0.49150112,0.36862585,0.27988258,0.28670898,0.29353538,0.34132022,0.47102192,0.32766742,0.40275785,0.25257698,0.38910505,0.21161854,0.3071882,0.27305618,0.19113933,0.19796573,0.22527134,0.4573691,0.23209776,0.17066011,0.12287528,0.46419552,0.26622978,0.36862585,0.41641068,0.27305618,0.25257698,0.1501809,0.4437163,0.25940338,0.25940338,0.23209776,0.28670898,0.027305618,0.28670898,0.19796573,0.23209776,0.27305618,0.19796573,0.21844494,0.29353538,0.34132022,0.08874326,0.10239607,0.09556966,0.1501809,0.19796573,0.17748652,0.1570073,0.40958428,0.081916854,0.17748652,0.12970169,0.10922247,0.12287528,0.27305618,0.040958427,0.034132022,0.17066011,0.1570073,0.1501809,0.08874326,0.24575056,0.1501809,0.09556966,0.11604888,0.320841,0.10239607,0.068264045,0.040958427,0.09556966,0.1570073,0.14335449,0.17066011,0.14335449,0.12970169,0.20479214,0.16383371,0.18431292,0.18431292,0.10239607,0.10239607,0.20479214,0.10239607,0.10239607,0.1501809,0.09556966,0.013652809,0.04778483,0.020479213,0.10239607,0.020479213,0.10922247,0.10922247,0.13652809,0.12970169,0.09556966,0.06143764,0.23892416,0.040958427,0.11604888,0.07509045,0.1501809,0.07509045,0.12970169,0.06143764,0.12970169,0.19796573,0.027305618,0.10239607,0.12287528,0.09556966,0.11604888,0.10239607,0.020479213,0.09556966,0.040958427,0.12287528,0.10922247,0.08874326,0.10922247,0.07509045,0.04778483,0.10922247,0.068264045,0.034132022,0.07509045,0.04778483,0.10239607,0.06143764,0.17748652,0.040958427,0.10922247,0.054611236,0.09556966,0.19113933,0.07509045,0.04778483,0.09556966,0.068264045,0.08874326,0.12970169,0.054611236,0.09556966,0.10239607,0.10922247,0.020479213,0.081916854,0.07509045,0.068264045,0.006826405,0.08874326,0.006826405,0.10239607,0.006826405,0.040958427,0.04778483,0.10922247,0.11604888,0.07509045,0.08874326,0.17748652,0.040958427,0.006826405,0.054611236,0.054611236,0.040958427,0.08874326,0.034132022,0.07509045,0.04778483,0.027305618,0.027305618,0.1501809,0.027305618,0.13652809,0.12970169,0.006826405,0.054611236,0.04778483,0.027305618,0.12970169,0.040958427
Woman Killed with Kindness,2.6106615,3.2742653,2.0053964,1.7428718,1.5386859,1.6991177,1.8960111,1.2542843,1.1084373,1.2761613,1.414716,1.0136367,0.77298915,0.76569676,1.0355138,0.9261285,0.7438197,0.9261285,0.6927733,0.6125574,0.5250492,0.6198498,0.67089623,0.48858747,0.29898638,0.7000656,0.43024868,0.48858747,0.437541,0.437541,0.36461753,0.5688033,0.3500328,0.29898638,0.40837163,0.6125574,0.42295632,0.38649458,0.28440166,0.22606286,0.36461753,0.31357107,0.46671042,0.31357107,0.33544812,0.16772406,0.20418581,0.50317216,0.29898638,0.26981696,0.23335521,0.24793991,0.67818856,0.3500328,0.18960111,0.24064755,0.18230876,0.1750164,0.2187705,0.20418581,0.24064755,0.24793991,0.23335521,0.2625246,0.24793991,0.26981696,0.16772406,0.13855466,0.23335521,0.051046453,0.14584701,0.13855466,0.19689345,0.24793991,0.18960111,0.2187705,0.41566396,0.18230876,0.2187705,0.16772406,0.16772406,0.1750164,0.24793991,0.23335521,0.10938525,0.20418581,0.094800554,0.2187705,0.62714213,0.08021586,0.37190986,0.1312623,0.10209291,0.18230876,0.10938525,0.12396996,0.036461752,0.0875082,0.18960111,0.15313935,0.19689345,0.13855466,0.15313935,0.10938525,0.094800554,0.10938525,0.12396996,0.15313935,0.051046453,0.14584701,0.15313935,0.10209291,0.18230876,0.2187705,0.06563115,0.094800554,0.19689345,0.13855466,0.072923504,0.072923504,0.12396996,0.10938525,0.06563115,0.0875082,0.116677605,0.2187705,0.1312623,0.10938525,0.13855466,0.10938525,0.058338802,0.06563115,0.10209291,0.08021586,0.2625246,0.10209291,0.094800554,0.06563115,0.08021586,0.10209291,0.16772406,0.029169401,0.116677605,0.051046453,0.08021586,0.0437541,0.094800554,0.036461752,0.10209291,0.094800554,0.00729235,0.10209291,0.072923504,0.0875082,0.06563115,0.0437541,0.14584701,0.0437541,0.014584701,0.10938525,0.0437541,0.06563115,0.0437541,0.116677605,0.12396996,0.0875082,0.10938525,0.06563115,0.08021586,0.072923504,0.06563115,0.19689345,0.051046453,0.0437541,0.051046453,0.094800554,0.072923504,0.051046453,0.051046453,0.036461752,0.02187705,0.0875082,0.02187705,0.02187705,0.0437541,0.08021586,0.08021586,0.12396996,0.116677605,0.051046453,0.0437541,0.08021586,0.051046453,0.051046453,0.0437541,0.06563115,0.02187705,0.0437541,0.072923504,0.058338802,0.06563115,0.10209291,0.072923504,0.06563115,0.12396996,0.0437541,0.029169401,0.0437541,0.029169401,0.036461752,0.06563115,0.072923504,0.036461752,0.0437541,0.036461752,0.072923504,0.116677605,0.051046453,0.00729235